{
  "0.0": {
    "precision": 1.0,
    "recall": 0.2857142857142857,
    "f1-score": 0.4444444444444444,
    "support": 21.0
  },
  "1.0": {
    "precision": 0.8245614035087719,
    "recall": 0.8703703703703703,
    "f1-score": 0.8468468468468469,
    "support": 54.0
  },
  "2.0": {
    "precision": 0.9024390243902439,
    "recall": 0.9487179487179487,
    "f1-score": 0.925,
    "support": 78.0
  },
  "3.0": {
    "precision": 0.891566265060241,
    "recall": 0.891566265060241,
    "f1-score": 0.891566265060241,
    "support": 83.0
  },
  "4.0": {
    "precision": 0.9402390438247012,
    "recall": 0.9711934156378601,
    "f1-score": 0.9554655870445344,
    "support": 243.0
  },
  "accuracy": 0.9123173277661796,
  "macro avg": {
    "precision": 0.9117611473567916,
    "recall": 0.7935124571001412,
    "f1-score": 0.8126646286792134,
    "support": 479.0
  },
  "weighted avg": {
    "precision": 0.9152289088545201,
    "recall": 0.9123173277661796,
    "f1-score": 0.904783300031075,
    "support": 479.0
  }
}